u,p50_ms,p95_ms,p95_sd,p99_ms,throughput_req_per_s,util_measured,replications
0.4,1.0077926091145077,3.333170064647694,0.06501398242623721,4.9695779389723915,25516.960075384453,0.9941558250785953,6
0.5,1.0497556756138333,3.413689213115602,0.07685107277066085,4.947986627660738,32075.80005154591,0.9964015013479712,6
0.6,1.1111068722619706,3.449411715183865,0.10566077702050115,5.113611858999506,38388.332731618524,0.9976873988128602,6
0.7,1.2293587866168707,3.7072644726663557,0.1061383051027822,5.289879487088528,44785.528361786935,0.9983233053234745,6
0.78,1.3812428334762643,4.034332723616486,0.15805565969678673,5.757677263000507,49733.01207426648,0.9981659338371368,6
0.84,1.5930296825461667,4.634819800517399,0.4440604497361897,6.550279635157049,53836.974074854865,0.9990988278751719,6
0.88,1.7110143537014721,4.598758890355829,0.3602898815061383,6.12193927816016,56148.6230556393,0.9983226767553441,6
0.92,2.350937572796989,6.267694613123353,1.0190969508772554,8.015215916444513,58817.18168761374,0.9991768335661609,6
0.95,2.678364311738058,8.156586713226146,2.187960227082457,10.091949196340462,60666.124635552726,0.9990581861171237,6
